galaxy,variant_id,nfw_c,nfw_r200_kpc,rs_nfw_kpc,rmse_km_s,mean_kernel,inner_kernel_mean_first8,outer_kernel_mean_last8,uses_only_source_uncertainty_box,construction_used_vobs_or_residual,scoring_used_vobs,endpoint_validation_claim,claim_boundary
UGC12506,cm1_r200p1,14.27,124.5,8.72459705676244,77.51699604371413,0.8915825133527293,0.7153061200346751,0.9140205567869473,True,False,True,False,ugc12506_source_native_nfw_hse_uncertainty_scan_diagnostic_not_endpoint
UGC12506,cm1_r2000,14.27,123.0,8.61948142957253,77.5213109883755,0.891436294602611,0.7185239539276956,0.9121278062332769,True,False,True,False,ugc12506_source_native_nfw_hse_uncertainty_scan_diagnostic_not_endpoint
UGC12506,cm1_r200m1,14.27,121.5,8.51436580238262,77.52540025852818,0.8912999550151145,0.7218017263977106,0.9102250999991748,True,False,True,False,ugc12506_source_native_nfw_hse_uncertainty_scan_diagnostic_not_endpoint
UGC12506,c0_r200p1,14.87,124.5,8.372562205783456,77.53054628511131,0.8911323683721634,0.7263216357243766,0.9076423044953886,True,False,True,False,ugc12506_source_native_nfw_hse_uncertainty_scan_diagnostic_not_endpoint
UGC12506,c0_r2000,14.87,123.0,8.271687962340282,77.54088578927833,0.8908415732358569,0.7294420822548686,0.9056611088925556,True,False,True,False,ugc12506_source_native_nfw_hse_uncertainty_scan_diagnostic_not_endpoint
UGC12506,c0_r200m1,14.87,121.5,8.170813718897108,77.55656198186347,0.8904140123958905,0.732488346492834,0.9035652366503014,True,False,True,False,ugc12506_source_native_nfw_hse_uncertainty_scan_diagnostic_not_endpoint
UGC12506,cp1_r200p1,15.469999999999999,124.5,8.047834518422754,77.57550551369044,0.8899031330343853,0.7362793777811847,0.9009959809793938,True,False,True,False,ugc12506_source_native_nfw_hse_uncertainty_scan_diagnostic_not_endpoint
UGC12506,cp1_r2000,15.469999999999999,123.0,7.95087265675501,77.59030522417946,0.8895087568364424,0.7393301001298191,0.8989592019867543,True,False,True,False,ugc12506_source_native_nfw_hse_uncertainty_scan_diagnostic_not_endpoint
UGC12506,cp1_r200m1,15.469999999999999,121.5,7.853910795087266,77.60497938494711,0.8891221580247874,0.7424369584506443,0.8969125315221879,True,False,True,False,ugc12506_source_native_nfw_hse_uncertainty_scan_diagnostic_not_endpoint
