survey,status,center_value,median_3deg,mean_3deg,std_3deg,p5_3deg,p95_3deg,center_minus_median_sigma,fits_cached
WMAP ILC,OK,0.12182790786027908,0.05212084576487541,0.06130383043805952,0.05953351583576523,-0.031147927045822144,0.16738148033618927,1.170887711179433,/Users/jolcsak/Projects/tau-core-morphology-forward-readout-paper8/data/derived/cmb_maps_ugc12506/WMAP_ILC.fits
Planck 100 I,OK,0.00024277379270642996,0.00010574173938948661,0.00010611314264370371,9.9514135590807e-05,-6.047655751899583e-05,0.0002690319190151058,1.3770109392338652,/Users/jolcsak/Projects/tau-core-morphology-forward-readout-paper8/data/derived/cmb_maps_ugc12506/Planck_100_I.fits
Planck 143 I,OK,0.0002797212218865752,0.00012218370102345943,0.00012327071457180627,9.493715060000343e-05,-3.8372626659111116e-05,0.0002787381527014076,1.6593874986501869,/Users/jolcsak/Projects/tau-core-morphology-forward-readout-paper8/data/derived/cmb_maps_ugc12506/Planck_143_I.fits
Planck 217 I,OK,0.0003552305861376226,0.00025057709717657417,0.0002604752020942639,0.00013696223470232636,6.36867935099872e-05,0.0004876007762504739,0.7641047124304174,/Users/jolcsak/Projects/tau-core-morphology-forward-readout-paper8/data/derived/cmb_maps_ugc12506/Planck_217_I.fits
Planck 353 I,OK,0.0014741313643753529,0.001172090822365135,0.001363959342380541,0.000631559305178319,0.0008281745365820826,0.002670548309106379,0.4782457316893425,/Users/jolcsak/Projects/tau-core-morphology-forward-readout-paper8/data/derived/cmb_maps_ugc12506/Planck_353_I.fits
Planck 857 I,OK,2.7057852745056152,2.61381733417511,3.2513945591739484,1.9141337685392594,1.774757331609726,7.259882879257189,0.048046767599053034,/Users/jolcsak/Projects/tau-core-morphology-forward-readout-paper8/data/derived/cmb_maps_ugc12506/Planck_857_I.fits
SFD Dust Map,OK,0.05439576506614685,0.05761399120092392,0.07793675489788357,0.054496549524356515,0.03221297636628151,0.2000102698802948,-0.0590537596024997,/Users/jolcsak/Projects/tau-core-morphology-forward-readout-paper8/data/derived/cmb_maps_ugc12506/SFD_Dust_Map.fits
IRIS 100,OK,3.9120376110076904,3.3452916145324707,3.8680357464609876,1.5565756392795589,2.461118745803833,7.131855368614196,0.3640979481970634,/Users/jolcsak/Projects/tau-core-morphology-forward-readout-paper8/data/derived/cmb_maps_ugc12506/IRIS_100.fits
